,View,Url,Address,Neighbourhood,Price,Beds,Baths,Sqft,BuiltIn,PullDate,City,SqftDollar,Days on Site,Lot Size,Size,Style,Taxes,Type,Walk Score,Year Built,Preference
0,mountain and water,https://www.zolo.ca/surrey-real-estate/12121-101a-avenue,"12121 101a Avenue, Surrey, BC",Cedar Hills,1500000.0,7 bed,8 bath,5251 sqft,2013,2020-03-31,Surrey,285.6598743096553,"139 (Nov 12, 2019)",6974 sqft,5251 sqft,2 Storey w/Bsmt.,"$6,308 /yr",House/Single Family,31,2013,y
1,partial mountain view,https://www.zolo.ca/surrey-real-estate/10032-174a-street,"10032 174a Street, Surrey, BC",Fraser Heights,1599888.0,11 bed,10 bath,5590 sqft,2020,2020-03-31,Surrey,286.205366726297,"8 (Mar 23, 2020)",9213 sqft,5590 sqft,2 Storey w/Bsmt.,"$3,596 /yr",House/Single Family,4,2020,y
2,"mountain, city river",https://www.zolo.ca/surrey-real-estate/12129-100-avenue,"12129 100 Avenue, Surrey, BC",Cedar Hills,1249000.0,4 bed,3 bath,4357 sqft,9999,2020-03-31,Surrey,286.6651365618545,"20 (Mar 11, 2020)",18430 sqft,4357 sqft,2 Storey,"$4,004 /yr",House/Single Family,22,9999,y
3,partial mountain and greenbelt,https://www.zolo.ca/surrey-real-estate/10024-174a-street,"10024 174a Street, Surrey, BC",Fraser Heights,1568000.0,9 bed,7 bath,5294 sqft,2019,2020-03-31,Surrey,296.18435965243674,"127 (Nov 25, 2019)",6645 sqft,5294 sqft,Reverse 2 Storey w/Bsmt,"$3,651 /yr",House/Single Family,10,2019,yy
4,mountain baker from upstairs,https://www.zolo.ca/surrey-real-estate/10048-174-street,"10048 174 Street, Surrey, BC",Fraser Heights,1568000.0,9 bed,8 bath,5213 sqft,2019,2020-03-31,Surrey,300.786495300211,"180 (Oct 3, 2019)",6223 sqft,5213 sqft,2 Storey w/Bsmt.,"$3,558 /yr",House/Single Family,28,2019,yy
5,mountains/newwest/fraser river,https://www.zolo.ca/surrey-real-estate/12295-99-avenue,"12295 99 Avenue, Surrey, BC",Cedar Hills,1869888.0,10 bed,9 bath,5641 sqft,2019,2020-03-31,Surrey,331.48165218932814,"27 (Mar 4, 2020)",6254 sqft,5641 sqft,2 Storey w/Bsmt.,"$7,160 /yr",House/Single Family,37,2019,y
6,no,https://www.zolo.ca/delta-real-estate/8073-114-street,"8073 114 Street, Delta, BC",Scottsdale,1699900.0,7 bed,7 bath,5006 sqft,2017,2020-03-31,Delta,339.57251298441867,"125 (Nov 27, 2019)",6354 sqft,5006 sqft,2 Storey w/Bsmt.,"$4,993 /yr",House/Single Family,52,2017,yy
7,mountains &amp; valley,https://www.zolo.ca/surrey-real-estate/14910-35a-avenue,"14910 35a Avenue, Surrey, BC",Morgan Creek,1524900.0,6 bed,7 bath,4458 sqft,2020,2020-03-31,Surrey,342.05921938088835,"76 (Jan 14, 2020)",4277 sqft,4458 sqft,"2 Storey w/Bsmt., 3 Storey","$4,531 /yr",House/Single Family,22,2020,y
8,"mountain, woods/green belt",https://www.zolo.ca/surrey-real-estate/9717-182-street,"9717 182 Street, Surrey, BC",Fraser Heights,1388800.0,6 bed,7 bath,4056 sqft,2020,2020-03-31,Surrey,342.4063116370809,"84 (Jan 6, 2020)",5669 sqft,4056 sqft,2 Storey w/Bsmt.,"$2,629 /yr",House/Single Family,1,2020,y
9,south view of water,https://www.zolo.ca/surrey-real-estate/13429-56-avenue,"13429 56 Avenue, Surrey, BC",Panorama Ridge,2899800.0,7 bed,8 bath,8435 sqft,2017,2020-03-31,Surrey,343.78186129223474,"32 (Feb 28, 2020)",22302 sqft,8435 sqft,"2 Storey w/Bsmt., 3 Storey","$7,705 /yr",House/Single Family,9,2017,y
10,peek a boo,https://www.zolo.ca/white-rock-real-estate/1580-chestnut-street,"1580 Chestnut Street, White Rock, BC",White Rock,1888000.0,7 bed,8 bath,5490 sqft,2018,2020-03-31,White Rock,343.8979963570128,"82 (Jan 9, 2020)",8198 sqft,5490 sqft,2 Storey w/Bsmt.,"$7,298 /yr",House/Single Family,55,2018,n
11,ravin,https://www.zolo.ca/surrey-real-estate/3103-160-street/15,"15-3103 160 Street, Surrey, BC",Morgan Creek,1138000.0,4 bed,4 bath,3297 sqft,2015,2020-03-31,Surrey,345.16226872914774,"102 (Dec 20, 2019)",No Data,3297 sqft,2 Storey w/Bsmt.,"$3,717 /yr",Townhouse,29,2015,n
12,mountains,https://www.zolo.ca/surrey-real-estate/9727-182a-street,"9727 182a Street, Surrey, BC",Fraser Heights,1273000.0,6 bed,6 bath,3608 sqft,2020,2020-03-31,Surrey,352.8270509977827,"46 (Feb 14, 2020)",4191 sqft,3608 sqft,2 Storey w/Bsmt.,"$2,376 /yr",House/Single Family,1,2020,y
13,mountain view,https://www.zolo.ca/surrey-real-estate/12707-104a-avenue,"12707 104a Avenue, Surrey, BC",Cedar Hills,1429000.0,7 bed,7 bath,4027 sqft,2019,2020-03-31,Surrey,354.8547305686615,"27 (Mar 3, 2020)",4612 sqft,4027 sqft,2 Storey w/Bsmt.,"$4,080 /yr",House/Single Family,44,2019,yy
14,mt. baker/peek-a-boo ocean,https://www.zolo.ca/white-rock-real-estate/15832-prospect-crescent,"15832 Prospect Crescent, White Rock, BC",White Rock,2088000.0,6 bed,6 bath,5801 sqft,2017,2020-03-31,White Rock,359.9379417341837,"11 (Mar 19, 2020)",6600 sqft,5801 sqft,3 Storey,"$7,000 /yr",House/Single Family,52,2017,yy
15,from living room and m.bedroom,https://www.zolo.ca/surrey-real-estate/14918-35a-avenue,"14918 35a Avenue, Surrey, BC",Morgan Creek,1593024.0,6 bed,7 bath,4306 sqft,2020,2020-03-31,Surrey,369.95448211797486,"13 (Mar 17, 2020)",4691 sqft,4306 sqft,"2 Storey w/Bsmt., 3 Storey","$4,582 /yr",House/Single Family,22,2020,n
16,nickomekl river,https://www.zolo.ca/surrey-real-estate/14896-35a-avenue,"14896 35a Avenue, Surrey, BC",Morgan Creek,1498000.0,6 bed,6 bath,4004 sqft,2020,2020-03-31,Surrey,374.1258741258741,"69 (Jan 21, 2020)",3588 sqft,4004 sqft,2 Storey w/Bsmt.,"$2,699 /yr",House/Single Family,22,2020,yy
17,greenbelt,https://www.zolo.ca/delta-real-estate/11101-64a-avenue,"11101 64a Avenue, Delta, BC",Sunshine Hills Woods,2088000.0,8 bed,9 bath,5575 sqft,2016,2020-03-31,Delta,374.52914798206285,"53 (Feb 7, 2020)",9672 sqft,5575 sqft,2 Storey w/Bsmt.,"$6,123 /yr",House/Single Family,10,2016,n
18,fraser river/city/mountains,https://www.zolo.ca/delta-real-estate/8841-stegavik-court,"8841 Stegavik Court, Delta, BC",Nordel,1499000.0,5 bed,6 bath,4002 sqft,2015,2020-03-31,Delta,374.56271864067963,"281 (Jun 23, 2019)",5080.56 sqft,4002 sqft,3 Storey w/Bsmt,"$4,685 /yr",House/Single Family,19,2015,yy
19,city &amp; mountain view,https://www.zolo.ca/white-rock-real-estate/16688-19th-avenue,"16688 19th Avenue, White Rock, BC",,1498000.0,6 bed,6 bath,3974 sqft,2020,2020-03-31,White Rock,376.9501761449421,"35 (Feb 24, 2020)",3938 sqft,3974 sqft,2 Storey w/Bsmt.,"$2,028 /yr",House/Single Family,41,2020,y
20,peek a boo ocean,https://www.zolo.ca/white-rock-real-estate/1554-bergstrom-road,"1554 Bergstrom Road, White Rock, BC",White Rock,2488000.0,6 bed,7 bath,6571 sqft,2018,2020-03-31,White Rock,378.63338913407404,"158 (Oct 24, 2019)",8826 sqft,6571 sqft,2 Storey w/Bsmt.,"$8,557 /yr",House/Single Family,53,2018,yy
21,nicomekl river and mountains,https://www.zolo.ca/surrey-real-estate/14879-35a-avenue,"14879 35a Avenue, Surrey, BC",Morgan Creek,1538000.0,6 bed,6 bath,4002 sqft,2019,2020-03-31,Surrey,384.3078460769616,"117 (Dec 5, 2019)",4228 sqft,4002 sqft,2 Storey w/Bsmt.,"$3,615 /yr",House/Single Family,22,2019,yy
22,mountains,https://www.zolo.ca/surrey-real-estate/9880-huckleberry-drive,"9880 Huckleberry Drive, Surrey, BC",Fraser Heights,1299000.0,6 bed,6 bath,3303 sqft,2019,2020-03-31,Surrey,393.2788374205268,"193 (Sep 20, 2019)",3683 sqft,3303 sqft,2 Storey w/Bsmt.,"$2,895 /yr",House/Single Family,6,2019,yyy
23,"mountains, blueberry fields",https://www.zolo.ca/surrey-real-estate/14926-35a-avenue,"14926 35a Avenue, Surrey, BC",Morgan Creek,1649000.0,7 bed,6 bath,4180 sqft,2017,2020-03-31,Surrey,394.4976076555024,"34 (Feb 25, 2020)",5178 sqft,4180 sqft,2 Storey w/Bsmt.,"$5,067 /yr",House/Single Family,22,2017,y
24,peek-a-boo ocean &amp; mt.baker,https://www.zolo.ca/white-rock-real-estate/15711-roper-avenue,"15711 Roper Avenue, White Rock, BC",White Rock,1998000.0,7 bed,8 bath,5047 sqft,2017,2020-03-31,White Rock,395.8787398454528,"17 (Mar 13, 2020)",7292 sqft,5047 sqft,Reverse 2 Storey w/Bsmt,"$8,369 /yr",House/Single Family,54,2017,y
25,n. shore mountains from master,https://www.zolo.ca/delta-real-estate/5483-15b-avenue,"5483 15b Avenue, Delta, BC",Cliff Drive,1999999.0,6 bed,5 bath,5043 sqft,2020,2020-03-31,Delta,396.58913345231,"13 (Mar 18, 2020)",7875 sqft,5043 sqft,2 Storey w/Bsmt.,"$3,963 /yr",House/Single Family,60,2020,y
26,front view,https://www.zolo.ca/surrey-real-estate/3592-149a-street,"3592 149a Street, Surrey, BC",Morgan Creek,1449000.0,5 bed,5 bath,3516 sqft,2019,2020-03-31,Surrey,412.11604095563143,"118 (Dec 4, 2019)",4344 sqft,3516 sqft,"2 Storey w/Bsmt., 3 Storey","$3,660 /yr",House/Single Family,42,2019,yy
27,mountains and river,https://www.zolo.ca/surrey-real-estate/14899-35a-avenue,"14899 35a Avenue, Surrey, BC",Morgan Creek,1489900.0,5 bed,6 bath,3612 sqft,2019,2020-03-31,Surrey,412.4861572535991,"34 (Feb 26, 2020)",3461 sqft,3612 sqft,2 Storey w/Bsmt.,"$4,004 /yr",House/Single Family,22,2019,yy
28,expansive valley &amp; mtn views,https://www.zolo.ca/surrey-real-estate/14885-35a-avenue,"14885 35a Avenue, Surrey, BC",Morgan Creek,1498000.0,5 bed,5 bath,3623 sqft,2019,2020-03-31,Surrey,413.4695004140215,"14 (Mar 17, 2020)",3703 sqft,3623 sqft,2 Storey w/Bsmt.,"$3,921 /yr",House/Single Family,22,2019,n
29,mountains &amp; river,https://www.zolo.ca/surrey-real-estate/3578-149a-street,"3578 149a Street, Surrey, BC",Morgan Creek,1454888.0,5 bed,5 bath,3470 sqft,2019,2020-03-31,Surrey,419.2760806916427,"53 (Feb 6, 2020)",3875 sqft,3470 sqft,2 Storey w/Bsmt.,"$3,641 /yr",House/Single Family,42,2019,y
30,ocean,https://www.zolo.ca/white-rock-real-estate/14411-mann-park-crescent,"14411 Mann Park Crescent, White Rock, BC",White Rock,3499999.0,7 bed,10 bath,8343 sqft,2019,2020-03-31,White Rock,419.513244636222,"77 (Jan 14, 2020)",10800 sqft,8343 sqft,2 Storey w/Bsmt.,"$12,159 /yr",House/Single Family,41,2019,yy
31,front view,https://www.zolo.ca/surrey-real-estate/3588-149a-street,"3588 149a Street, Surrey, BC",Morgan Creek,1449000.0,5 bed,5 bath,3454 sqft,2019,2020-03-31,Surrey,419.51360741169657,"118 (Dec 4, 2019)",3901 sqft,3454 sqft,"2 Storey w/Bsmt., 3 Storey","$2,400 /yr",House/Single Family,42,2019,yy
32,mount baker,https://www.zolo.ca/surrey-real-estate/1892-king-george-boulevard,"1892 King George Boulevard, Surrey, BC",King George Corridor,1375000.0,6 bed,5 bath,3237 sqft,2016,2020-03-31,Surrey,424.77602718566567,"161 (Oct 21, 2019)",6900 sqft,3237 sqft,2 Storey,"$4,906 /yr",House/Single Family,49,2016,n
33,mountain view,https://www.zolo.ca/white-rock-real-estate/15920-vine-avenue,"15920 Vine Avenue, White Rock, BC",White Rock,1699900.0,6 bed,5 bath,3994 sqft,2018,2020-03-31,White Rock,425.6134201301952,"137 (Nov 15, 2019)",4954 sqft,3994 sqft,2 Storey w/Bsmt.,"$6,214 /yr",House/Single Family,51,2018,yy
34,nicomekl river,https://www.zolo.ca/surrey-real-estate/14907-35a-avenue,"14907 35a Avenue, Surrey, BC",Morgan Creek,1478000.0,4 bed,6 bath,3460 sqft,2019,2020-03-31,Surrey,427.1676300578035,"80 (Jan 10, 2020)",3453 sqft,3460 sqft,2 Storey w/Bsmt.,"$3,493 /yr",House/Single Family,22,2019,n
35,peak-a-boo ocean view,https://www.zolo.ca/surrey-real-estate/1959-128-street,"1959 128 Street, Surrey, BC",Crescent Bch Ocean Pk.,2295900.0,6 bed,6 bath,5340 sqft,2017,2020-03-31,Surrey,429.94382022471916,"40 (Feb 20, 2020)",7400 sqft,5340 sqft,2 Storey w/Bsmt.,No Data,House/Single Family,40,2017,n
36,upper: sunset and partial ocea,https://www.zolo.ca/surrey-real-estate/16053-8a-avenue,"16053 8a Avenue, Surrey, BC",King George Corridor,1848000.0,6 bed,5 bath,4270 sqft,2020,2020-03-31,Surrey,432.7868852459017,"46 (Feb 13, 2020)",4936 sqft,4270 sqft,2 Storey w/Bsmt.,"$3,591 /yr",House/Single Family,33,2020,y
37,peek-a-boo ocean view upstairs,https://www.zolo.ca/white-rock-real-estate/15440-roper-avenue,"15440 Roper Avenue, White Rock, BC",White Rock,2188000.0,6 bed,6 bath,5008 sqft,2019,2020-03-31,White Rock,436.9009584664537,"67 (Jan 23, 2020)",6000 sqft,5008 sqft,2 Storey w/Bsmt.,"$5,428 /yr",House/Single Family,81,2019,y
38,ocean view on 2nd floor,https://www.zolo.ca/surrey-real-estate/13247-15a-avenue,"13247 15a Avenue, Surrey, BC",Crescent Bch Ocean Pk.,2688000.0,5 bed,7 bath,6116 sqft,2018,2020-03-31,Surrey,439.5029431000654,"28 (Mar 3, 2020)",10108 sqft,6116 sqft,2 Storey w/Bsmt.,"$8,110 /yr",House/Single Family,45,2018,y
39,ocean view from top floor,https://www.zolo.ca/white-rock-real-estate/15823-buena-vista-avenue,"15823 Buena Vista Avenue, White Rock, BC",White Rock,2598000.0,5 bed,8 bath,5834 sqft,2018,2020-03-31,White Rock,445.3205347960233,"20 (Mar 11, 2020)",7200 sqft,5834 sqft,3 Storey,"$8,675 /yr",House/Single Family,52,2018,yyy
40,"mountain, trees",https://www.zolo.ca/delta-real-estate/10961-westview-place,"10961 Westview Place, Delta, BC",Sunshine Hills Woods,1850000.0,5 bed,6 bath,4055 sqft,2019,2020-03-31,Delta,456.22688039457466,"15 (Mar 16, 2020)",6781 sqft,4055 sqft,2 Storey,"$6,422 /yr",House/Single Family,18,2019,y
41,west beach ocean views,https://www.zolo.ca/white-rock-real-estate/1560-brearley-street,"1560 Brearley Street, White Rock, BC",White Rock,2798800.0,7 bed,8 bath,6072 sqft,2018,2020-03-31,White Rock,460.935441370224,"35 (Feb 25, 2020)",7980 sqft,6072 sqft,2 Storey w/Bsmt.,"$10,088 /yr",House/Single Family,39,2018,n
42,ocean from rooftop deck,https://www.zolo.ca/white-rock-real-estate/1588-kerfoot-road,"1588 Kerfoot Road, White Rock, BC",White Rock,2375000.0,8 bed,6 bath,5144 sqft,2018,2020-03-31,White Rock,461.70295489891134,"166 (Oct 17, 2019)",6859.4 sqft,5144 sqft,2 Storey w/Bsmt.,"$8,082 /yr",House/Single Family,41,2018,n
43,peak-a-boo ocean upper balcony,https://www.zolo.ca/surrey-real-estate/12753-15-avenue,"12753 15 Avenue, Surrey, BC",Crescent Bch Ocean Pk.,1699900.0,5 bed,4 bath,3570 sqft,2013,2020-03-31,Surrey,476.16246498599435,"172 (Oct 10, 2019)",5000 sqft,3570 sqft,2 Storey w/Bsmt.,"$5,117 /yr",House/Single Family,54,2013,
44,golf courses and green belt,https://www.zolo.ca/surrey-real-estate/3378-164-street,"3378 164 Street, Surrey, BC",Morgan Creek,3480000.0,6 bed,7 bath,7280 sqft,2018,2020-03-31,Surrey,478.0219780219781,"215 (Aug 29, 2019)",14133 sqft,7280 sqft,2 Storey w/Bsmt.,"$8,995 /yr",House/Single Family,2,2018,
45,pacific ocean - semiahmoo bay,https://www.zolo.ca/white-rock-real-estate/1166-keil-crescent,"1166 Keil Crescent, White Rock, BC",White Rock,2380000.0,5 bed,8 bath,4951 sqft,2016,2020-03-31,White Rock,480.7109674813169,"116 (Dec 5, 2019)",5606 sqft,4951 sqft,2 Storey w/Bsmt.,"$7,598 /yr",House/Single Family,50,2016,
46,peak-a-boo ocean view,https://www.zolo.ca/white-rock-real-estate/14465-saturna-drive,"14465 Saturna Drive, White Rock, BC",White Rock,2498000.0,6 bed,6 bath,5194 sqft,2015,2020-03-31,White Rock,480.9395456295726,"185 (Sep 27, 2019)",8400 sqft,5194 sqft,2 Storey w/Bsmt.,"$8,881 /yr",House/Single Family,47,2015,
47,peek-a-boo mountain view,https://www.zolo.ca/surrey-real-estate/16355-108-avenue,"16355 108 Avenue, Surrey, BC",Fraser Heights,1549000.0,4 bed,6 bath,3200 sqft,2019,2020-03-31,Surrey,484.0625,"13 (Mar 17, 2020)",6088 sqft,3200 sqft,2 Storey,"$4,298 /yr",House/Single Family,43,2019,
48,partial ocean view,https://www.zolo.ca/surrey-real-estate/14195-wheatley-avenue,"14195 Wheatley Avenue, Surrey, BC",White Rock,2998800.0,7 bed,9 bath,6139 sqft,2017,2020-03-31,Surrey,488.4834663625997,"73 (Jan 17, 2020)",8856 sqft,6139 sqft,3 Storey,"$9,228 /yr",House/Single Family,35,2017,
49,full ocean view,https://www.zolo.ca/white-rock-real-estate/14262-malabar-avenue,"14262 Malabar Avenue, White Rock, BC",White Rock,3580000.0,5 bed,7 bath,7151 sqft,2019,2020-03-31,White Rock,500.6292826178157,"140 (Nov 12, 2019)",8704 sqft,7151 sqft,3 Storey w/Bsmt,"$8,790 /yr",House/Single Family,39,2019,
50,ocean,https://www.zolo.ca/white-rock-real-estate/15587-columbia-avenue,"15587 Columbia Avenue, White Rock, BC",White Rock,2188000.0,7 bed,6 bath,4248 sqft,2016,2020-03-31,White Rock,515.0659133709981,"27 (Mar 4, 2020)",3941 sqft,4248 sqft,3 Storey,"$7,905 /yr",House/Single Family,34,2016,
51,ocean &amp; mountain,https://www.zolo.ca/white-rock-real-estate/1156-habgood-street,"1156 Habgood Street, White Rock, BC",White Rock,3199000.0,6 bed,8 bath,6208 sqft,2019,2020-03-31,White Rock,515.3028350515464,"119 (Dec 3, 2019)",9360 sqft,6208 sqft,2 Storey w/Bsmt.,"$7,894 /yr",House/Single Family,52,2019,
52,ocean view,https://www.zolo.ca/white-rock-real-estate/14407-blackburn-crescent,"14407 Blackburn Crescent, White Rock, BC",White Rock,2298000.0,5 bed,5 bath,4357 sqft,2011,2020-03-31,White Rock,527.4271287583199,"292 (Jun 12, 2019)",8940 sqft,4357 sqft,2 Storey,"$11,657 /yr",House/Single Family,44,2011,
53,partial ocean view,https://www.zolo.ca/white-rock-real-estate/13859-blackburn-avenue,"13859 Blackburn Avenue, White Rock, BC",White Rock,2978000.0,8 bed,7 bath,5596 sqft,2019,2020-03-31,White Rock,532.1658327376698,"5 (Mar 26, 2020)",8198 sqft,5596 sqft,2 Storey w/Bsmt.,"$5,804 /yr",House/Single Family,31,2019,
54,oceanview,https://www.zolo.ca/white-rock-real-estate/14459-mann-park-crescent,"14459 Mann Park Crescent, White Rock, BC",White Rock,3388000.0,6 bed,7 bath,6350 sqft,2019,2020-03-31,White Rock,533.5433070866142,"87 (Jan 3, 2020)",9960 sqft,6350 sqft,2 Storey w/Bsmt.,"$8,307 /yr",House/Single Family,41,2019,
55,white rock ocean,https://www.zolo.ca/surrey-real-estate/13158-57-avenue,"13158 57 Avenue, Surrey, BC",Panorama Ridge,4200079.0,9 bed,9 bath,7641 sqft,2019,2020-03-31,Surrey,549.6766130087684,"111 (Dec 11, 2019)",20995 sqft,7641 sqft,"2 Storey w/Bsmt., 3 Storey","$6,037 /yr",House/Single Family,8,2019,
56,ocean &amp; mt. baker,https://www.zolo.ca/white-rock-real-estate/1251-kent-street,"1251 Kent Street, White Rock, BC",White Rock,2388000.0,4 bed,5 bath,4286 sqft,2020,2020-03-31,White Rock,557.1628558096127,"34 (Feb 25, 2020)",6270 sqft,4286 sqft,2 Storey w/Bsmt.,"$7,630 /yr",House/Single Family,54,2020,
57,panoramic ocean views,https://www.zolo.ca/white-rock-real-estate/15767-pacific-avenue,"15767 Pacific Avenue, White Rock, BC",White Rock,3649900.0,8 bed,8 bath,6386 sqft,2014,2020-03-31,White Rock,571.5471343564046,"242 (Aug 1, 2019)",9243 sqft,6386 sqft,"2 Storey w/Bsmt., 3 Storey","$11,702 /yr",House/Single Family,58,2014,
58,beautiful panoramic ocean view,https://www.zolo.ca/white-rock-real-estate/15031-victoria-avenue,"15031 Victoria Avenue, White Rock, BC",White Rock,3488000.0,5 bed,7 bath,6079 sqft,2016,2020-03-31,White Rock,573.778582003619,"15 (Mar 16, 2020)",4410 sqft,6079 sqft,3 Storey,"$12,358 /yr",House/Single Family,86,2016,
59,ocean,https://www.zolo.ca/white-rock-real-estate/14093-marine-drive,"14093 Marine Drive, White Rock, BC",White Rock,3980000.0,6 bed,8 bath,6922 sqft,2018,2020-03-31,White Rock,574.9783299624387,"112 (Dec 9, 2019)",8378 sqft,6922 sqft,2 Storey w/Bsmt.,"$11,921 /yr",House/Single Family,41,2018,
60,ocean,https://www.zolo.ca/surrey-real-estate/13529-14-avenue,"13529 14 Avenue, Surrey, BC",Crescent Bch Ocean Pk.,2380000.0,4 bed,5 bath,4136 sqft,2015,2020-03-31,Surrey,575.4352030947775,"11 (Mar 19, 2020)",9938 sqft,4136 sqft,2 Storey,"$7,360 /yr",House/Single Family,44,2015,
61,diefenbaker park,https://www.zolo.ca/delta-real-estate/5393-1a-avenue,"5393 1a Avenue, Delta, BC",Pebble Hill,3388800.0,5 bed,7 bath,5810 sqft,2019,2020-03-31,Delta,583.2702237521514,"194 (Sep 19, 2019)",12345 sqft,5810 sqft,3 Storey,"$6,074 /yr",House/Single Family,17,2019,
62,full ocean view and mt baker,https://www.zolo.ca/white-rock-real-estate/15368-victoria-avenue,"15368 Victoria Avenue, White Rock, BC",White Rock,2700000.0,4 bed,6 bath,4629 sqft,2016,2020-03-31,White Rock,583.2793259883343,"154 (Oct 29, 2019)",3000 sqft,4629 sqft,3 Storey w/Bsmt,"$9,499 /yr",House/Single Family,68,2016,
63,boundary bay and n.shore mtns,https://www.zolo.ca/delta-real-estate/353-55-street,"353 55 Street, Delta, BC",Pebble Hill,3588000.0,7 bed,6 bath,6061 sqft,2019,2020-03-31,Delta,591.981521201122,"78 (Jan 13, 2020)",10720 sqft,6061 sqft,3 Storey,"$7,771 /yr",House/Single Family,19,2019,
64,mountain,https://www.zolo.ca/richmond-real-estate/11200-westminster-highway,"11200 Westminster Highway, Richmond, BC",McLennan,3580000.0,7 bed,7 bath,6020 sqft,2018,2020-03-31,Richmond,594.6843853820598,"77 (Jan 14, 2020)",37719 sqft,6020 sqft,2 Storey,"$7,536 /yr",House/Single Family,6,2018,
65,north mountain,https://www.zolo.ca/richmond-real-estate/10640-gilmore-crescent,"10640 Gilmore Crescent, Richmond, BC",Bridgeport RI,2298000.0,6 bed,7 bath,3800 sqft,2019,2020-03-31,Richmond,604.7368421052631,"87 (Jan 3, 2020)",8512 sqft,3800 sqft,2 Storey w/Bsmt.,"$4,805 /yr",House/Single Family,54,2019,
66,ocean view,https://www.zolo.ca/surrey-real-estate/13555-13a-avenue,"13555 13a Avenue, Surrey, BC",Crescent Bch Ocean Pk.,3160000.0,9 bed,9 bath,5212 sqft,2014,2020-03-31,Surrey,606.2931696085957,"32 (Feb 27, 2020)",9499 sqft,5212 sqft,2 Storey w/Bsmt.,"$12,325 /yr",House/Single Family,10,2014,
67,mountain &amp; city,https://www.zolo.ca/vancouver-real-estate/6526-dawson-street,"6526 Dawson Street, Vancouver, BC",Killarney VE,2868000.0,9 bed,7 bath,4704 sqft,2013,2020-03-31,Vancouver,609.6938775510204,"39 (Feb 21, 2020)",5640 sqft,4704 sqft,"2 Storey w/Bsmt., Laneway House","$7,923 /yr",House/Single Family,65,2013,
68,south from master bedroom,https://www.zolo.ca/vancouver-real-estate/496-east-56th-avenue,"496 56th Avenue E, Vancouver, BC",South Vancouver,2899990.0,6 bed,8 bath,4545 sqft,2017,2020-03-31,Vancouver,638.0616061606162,"27 (Mar 3, 2020)",5338.2 sqft,4545 sqft,3 Storey,"$7,623 /yr",House/Single Family,66,2017,
69,panoramic unobstructed ocean,https://www.zolo.ca/white-rock-real-estate/14283-marine-drive,"14283 Marine Drive, White Rock, BC",White Rock,4388000.0,6 bed,6 bath,6859 sqft,2016,2020-03-31,White Rock,639.7434028284007,"34 (Feb 25, 2020)",9000 sqft,6859 sqft,2 Storey w/Bsmt.,"$14,134 /yr",House/Single Family,32,2016,
70,3 level w/ocean views,https://www.zolo.ca/white-rock-real-estate/14458-blackburn-crescent,"14458 Blackburn Crescent, White Rock, BC",White Rock,4749800.0,5 bed,7 bath,7381 sqft,2019,2020-03-31,White Rock,643.5171385991058,"151 (Nov 1, 2019)",9457 sqft,7381 sqft,2 Storey w/Bsmt.,"$13,360 /yr",House/Single Family,37,2019,
71,17 and 18 fairway/tee,https://www.zolo.ca/surrey-real-estate/3570-morgan-creek-way,"3570 Morgan Creek Way, Surrey, BC",Morgan Creek,3188000.0,5 bed,6 bath,4880 sqft,2019,2020-03-31,Surrey,653.2786885245903,"24 (Mar 6, 2020)",10075 sqft,4880 sqft,2 Storey w/Bsmt.,"$6,631 /yr",House/Single Family,9,2019,
72,water &amp; mountains,https://www.zolo.ca/richmond-real-estate/3131-williams-road,"3131 Williams Road, Richmond, BC",Seafair,3288888.0,6 bed,8 bath,4895 sqft,2019,2020-03-31,Richmond,671.8872318692544,"101 (Dec 20, 2019)",7012 sqft,4895 sqft,3 Storey,"$5,975 /yr",House/Single Family,19,2019,
73,ocean view,https://www.zolo.ca/white-rock-real-estate/14020-marine-drive,"14020 Marine Drive, White Rock, BC",White Rock,4988000.0,5 bed,6 bath,7322 sqft,2019,2020-03-31,White Rock,681.234635345534,"175 (Oct 7, 2019)",13939 sqft,7322 sqft,3 Storey,"$15,314 /yr",House/Single Family,44,2019,
74,ocean view,https://www.zolo.ca/surrey-real-estate/1309-129a-street,"1309 129a Street, Surrey, BC",Crescent Bch Ocean Pk.,2298000.0,4 bed,5 bath,3308 sqft,2014,2020-03-31,Surrey,694.6795646916565,"78 (Jan 13, 2020)",5000 sqft,3308 sqft,"2 Storey w/Bsmt., Reverse 2 Storey w/Bsmt","$5,896 /yr",House/Single Family,45,2014,
75,fraser river view from top,https://www.zolo.ca/vancouver-real-estate/2031-harrison-drive,"2031 Harrison Drive, Vancouver, BC",Fraserview VE,3799990.0,7 bed,8 bath,5373 sqft,2018,2020-03-31,Vancouver,707.2380420621628,"116 (Dec 5, 2019)",6810 sqft,5373 sqft,2 Storey w/Bsmt.,"$7,602 /yr",House/Single Family,50,2018,
76,mountain view,https://www.zolo.ca/vancouver-real-estate/6415-commercial-street,"6415 Commercial Street, Vancouver, BC",Killarney VE,2398000.0,8 bed,7 bath,3376 sqft,2020,2020-03-31,Vancouver,710.3080568720378,"75 (Jan 15, 2020)",3743 sqft,3376 sqft,"Laneway House, 3 Storey w/Bsmt","$4,950 /yr",House/Single Family,81,2020,
77,peekaboo mountain view,https://www.zolo.ca/richmond-real-estate/7551-francis-road,"7551 Francis Road, Richmond, BC",Broadmoor,2780000.0,5 bed,6 bath,3875 sqft,2018,2020-03-31,Richmond,717.4193548387095,"82 (Jan 9, 2020)",8460 sqft,3875 sqft,2 Storey,"$8,631 /yr",House/Single Family,34,2018,
78,panoramic ocean &amp; sunset views,https://www.zolo.ca/white-rock-real-estate/14857-buena-vista-avenue,"14857 Buena Vista Avenue, White Rock, BC",White Rock,2498000.0,4 bed,5 bath,3390 sqft,2019,2020-03-31,White Rock,736.8731563421829,"160 (Oct 22, 2019)",4271 sqft,3390 sqft,3 Storey,"$5,870 /yr",House/Single Family,77,2019,
79,southern,https://www.zolo.ca/vancouver-real-estate/2488-southeast-marine-drive,"2488 Marine Drive SE, Vancouver, BC",,2488800.0,9 bed,6 bath,3363 sqft,2015,2020-03-31,Vancouver,740.0535236396075,"27 (Mar 4, 2020)",4294 sqft,3363 sqft,2 Storey w/Bsmt.,"$4,738 /yr",House/Single Family,30,2015,
80,mountain views,https://www.zolo.ca/vancouver-real-estate/5204-chester-street,"5204 Chester Street, Vancouver, BC",Fraser VE,2330000.0,6 bed,7 bath,3142 sqft,2018,2020-03-31,Vancouver,741.565881604074,"18 (Mar 13, 2020)",3630 sqft,3142 sqft,"2 Storey w/Bsmt., Laneway House","$6,413 /yr",House/Single Family,74,2018,
81,golf course,https://www.zolo.ca/delta-real-estate/1190-jackson-way,"1190 Jackson Way, Delta, BC",Tsawwassen East,2298800.0,4 bed,4 bath,3037 sqft,2018,2020-03-31,Delta,756.9311820875864,"8 (Mar 22, 2020)",6834 sqft,3037 sqft,2 Storey,"$5,472 /yr",House/Single Family,68,2018,
82,panoramic ocean view,https://www.zolo.ca/white-rock-real-estate/1020-balsam-street,"1020 Balsam Street, White Rock, BC",White Rock,4290000.0,4 bed,6 bath,5614 sqft,2017,2020-03-31,White Rock,764.1610260064125,"178 (Oct 4, 2019)",7200 sqft,5614 sqft,2 Storey w/Bsmt.,"$11,316 /yr",House/Single Family,63,2017,
83,mountain from master deck,https://www.zolo.ca/richmond-real-estate/7988-bowen-gate,"7988 Bowen Gate, Richmond, BC",Quilchena RI,2898000.0,5 bed,6 bath,3688 sqft,2019,2020-03-31,Richmond,785.7917570498915,"78 (Jan 13, 2020)",8401 sqft,3688 sqft,2 Storey,"$4,838 /yr",House/Single Family,28,2019,
84,mountain,https://www.zolo.ca/richmond-real-estate/5751-riverdale-drive,"5751 Riverdale Drive, Richmond, BC",Riverdale RI,2986000.0,5 bed,6 bath,3772 sqft,2012,2020-03-31,Richmond,791.6224814422059,"145 (Nov 6, 2019)",8409 sqft,3772 sqft,2 Storey,"$9,024 /yr",House/Single Family,46,2012,
85,stunning ocean views,https://www.zolo.ca/white-rock-real-estate/1148-johnston-road/2,"2-1148 Johnston Road, White Rock, BC",White Rock,2658000.0,3 bed,3 bath,3340 sqft,2019,2020-03-31,White Rock,795.8083832335328,"68 (Jan 22, 2020)",No Data,3340 sqft,"3 Storey, Penthouse",No Data,Townhouse,90,2019,
86,mountains,https://www.zolo.ca/vancouver-real-estate/886-east-king-edward-avenue,"886 King Edward Avenue E, Vancouver, BC",Fraser VE,3188000.0,10 bed,8 bath,3964 sqft,2016,2020-03-31,Vancouver,804.2381432896065,"6 (Mar 24, 2020)",4524 sqft,3964 sqft,"2 Storey w/Bsmt., Laneway House","$6,325 /yr",House/Single Family,74,2016,
87,north mountain,https://www.zolo.ca/richmond-real-estate/2471-mcleod-avenue,"2471 Mcleod Avenue, Richmond, BC",Bridgeport RI,2500000.0,5 bed,5 bath,3100 sqft,2012,2020-03-31,Richmond,806.4516129032259,"145 (Nov 7, 2019)",6180 sqft,3100 sqft,"2 Storey, 2 Storey w/Bsmt.","$4,815 /yr",House/Single Family,62,2012,
88,green belt,https://www.zolo.ca/richmond-real-estate/10560-rosebrook-road,"10560 Rosebrook Road, Richmond, BC",South Arm,2980000.0,5 bed,6 bath,3676 sqft,2019,2020-03-31,Richmond,810.6637649619151,"123 (Nov 29, 2019)",8103 sqft,3676 sqft,2 Storey,"$6,071 /yr",House/Single Family,24,2019,
89,"partial ocean, city and mnt",https://www.zolo.ca/vancouver-real-estate/3004-west-king-edward-avenue,"3004 King Edward Avenue W, Vancouver, BC",MacKenzie Heights,3800000.0,8 bed,7 bath,4547 sqft,2018,2020-03-31,Vancouver,835.715856608753,"1 (Mar 30, 2020)",7815 sqft,4547 sqft,2 Storey w/Bsmt.,"$14,746 /yr",House/Single Family,47,2018,
90,river,https://www.zolo.ca/richmond-real-estate/10875-springmont-gate,"10875 Springmont Gate, Richmond, BC",Steveston North,2598000.0,5 bed,5 bath,3104 sqft,2016,2020-03-31,Richmond,836.9845360824742,"81 (Jan 9, 2020)",6000 sqft,3104 sqft,2 Storey,"$6,354 /yr",House/Single Family,30,2016,
91,ocean view - m. baker,https://www.zolo.ca/white-rock-real-estate/14439-magdalen-avenue,"14439 Magdalen Avenue, White Rock, BC",White Rock,3388800.0,5 bed,6 bath,4037 sqft,2020,2020-03-31,White Rock,839.4352241763686,"40 (Feb 20, 2020)",6012 sqft,4037 sqft,"2 Storey w/Bsmt., 3 Storey","$7,304 /yr",House/Single Family,35,2020,
92,ocean,https://www.zolo.ca/richmond-real-estate/10777-springmont-drive,"10777 Springmont Drive, Richmond, BC",Steveston North,3680000.0,6 bed,7 bath,4337 sqft,2016,2020-03-31,Richmond,848.5127968641917,"335 (May 1, 2019)",7002 sqft,4337 sqft,3 Storey,"$6,683 /yr",House/Single Family,25,2016,
93,farmland,https://www.zolo.ca/richmond-real-estate/7640-steveston-highway,"7640 Steveston Highway, Richmond, BC",Gilmore,5800000.0,5 bed,7 bath,6605 sqft,2019,2020-03-31,Richmond,878.1226343679032,"111 (Dec 10, 2019)",64860 sqft,6605 sqft,"2 Storey, Rancher/Bungalow","$7,678 /yr",House with Acreage,32,2019,
94,mountain view from upfloor,https://www.zolo.ca/vancouver-real-estate/460-west-45th-avenue,"460 45th Avenue W, Vancouver, BC",Oakridge VW,4488000.0,11 bed,11 bath,5109 sqft,2012,2020-03-31,Vancouver,878.4497944803287,"174 (Oct 8, 2019)",8320.52 sqft,5109 sqft,2 Storey w/Bsmt.,"$17,829 /yr",House/Single Family,88,2012,
95,panoramic ocean views,https://www.zolo.ca/white-rock-real-estate/14489-marine-drive,"14489 Marine Drive, White Rock, BC",White Rock,5300000.0,6 bed,7 bath,5830 sqft,2020,2020-03-31,White Rock,909.0909090909092,"20 (Mar 11, 2020)",6945 sqft,5830 sqft,3 Storey,"$9,769 /yr",House/Single Family,26,2020,
96,"full mountain view, park view",https://www.zolo.ca/richmond-real-estate/6431-chelmsford-street,"6431 Chelmsford Street, Richmond, BC",Granville,3288000.0,5 bed,6 bath,3604 sqft,2018,2020-03-31,Richmond,912.3196448390677,"18 (Mar 12, 2020)",7600 sqft,3604 sqft,2 Storey,"$8,520 /yr",House/Single Family,57,2018,
97,"mountain, park",https://www.zolo.ca/richmond-real-estate/7331-bates-road,"7331 Bates Road, Richmond, BC",Broadmoor,3180000.0,5 bed,6 bath,3425 sqft,2013,2020-03-31,Richmond,928.4671532846717,"243 (Aug 1, 2019)",7260 sqft,3425 sqft,2 Storey,"$7,757 /yr",House/Single Family,52,2013,
98,"ocean, beach, mountains, bay",https://www.zolo.ca/tsawwassen-real-estate/6788-corbould-road,"6788 Corbould Road, Tsawwassen, BC",Boundary Beach,3499900.0,5 bed,6 bath,3753 sqft,2019,2020-03-31,Tsawwassen,932.560618172129,"140 (Nov 12, 2019)",7007 sqft,3753 sqft,2 Storey w/Bsmt.,"$12,233 /yr",House/Single Family,10,2019,
99,mountain,https://www.zolo.ca/vancouver-real-estate/3120-west-19-avenue,"3120 19 Avenue W, Vancouver, BC",Arbutus,3880000.0,5 bed,6 bath,4143 sqft,2013,2020-03-31,Vancouver,936.5194303644702,"15 (Mar 16, 2020)",6100 sqft,4143 sqft,2 Storey w/Bsmt.,"$13,459 /yr",House/Single Family,61,2013,
100,ocean &amp; mountain,https://www.zolo.ca/richmond-real-estate/5151-brighouse-way/102,"102-5151 Brighouse Way, Richmond, BC",Brighouse,3690000.0,4 bed,5 bath,3885 sqft,2013,2020-03-31,Richmond,949.8069498069498,"63 (Jan 27, 2020)",,3885 sqft,3 Storey,"$17,336 /yr",Apartment/Condo,61,2013,
101,n/a,https://www.zolo.ca/richmond-real-estate/6811-gibbons-drive,"6811 Gibbons Drive, Richmond, BC",Riverdale RI,3998000.0,5 bed,7 bath,4161 sqft,2018,2020-03-31,Richmond,960.8267243451094,"83 (Jan 7, 2020)",9444 sqft,4161 sqft,2 Storey,"$8,570 /yr",House/Single Family,36,2018,
102,school yard,https://www.zolo.ca/richmond-real-estate/8180-sunnywood-drive,"8180 Sunnywood Drive, Richmond, BC",Broadmoor,3588000.0,6 bed,6 bath,3700 sqft,2015,2020-03-31,Richmond,969.7297297297296,"119 (Dec 2, 2019)",7448.6 sqft,3700 sqft,2 Storey,"$11,380 /yr",House/Single Family,45,2015,
103,park,https://www.zolo.ca/richmond-real-estate/7620-reeder-road,"7620 Reeder Road, Richmond, BC",Broadmoor,3580000.0,5 bed,6 bath,3501 sqft,2019,2020-03-31,Richmond,1022.564981433876,"104 (Dec 18, 2019)",7600 sqft,3501 sqft,2 Storey,"$7,362 /yr",House/Single Family,50,2019,
104,mountain,https://www.zolo.ca/richmond-real-estate/5260-lancing-road,"5260 Lancing Road, Richmond, BC",Granville,4680000.0,5 bed,6 bath,4437 sqft,2020,2020-03-31,Richmond,1054.7667342799189,"74 (Jan 16, 2020)",10789 sqft,4437 sqft,2 Storey,"$5,802 /yr",House/Single Family,35,2020,
105,panoramin mtn &amp; water view,https://www.zolo.ca/richmond-real-estate/5131-brighouse-way/101,"101-5131 Brighouse Way, Richmond, BC",Brighouse,3980000.0,4 bed,5 bath,3688 sqft,2013,2020-03-31,Richmond,1079.1757049891542,"1 (Mar 30, 2020)",No Data,3688 sqft,"2 Storey w/Bsmt., End Unit","$19,481 /yr",Townhouse,55,2013,
106,golf course,https://www.zolo.ca/richmond-real-estate/3011-blundell-road,"3011 Blundell Road, Richmond, BC",Quilchena RI,3990000.0,4 bed,6 bath,3572 sqft,2018,2020-03-31,Richmond,1117.021276595745,"189 (Sep 23, 2019)",7739 sqft,3572 sqft,2 Storey,"$8,492 /yr",House/Single Family,14,2018,
107,mountain,https://www.zolo.ca/vancouver-real-estate/2887-west-39th-avenue,"2887 39th Avenue W, Vancouver, BC",Kerrisdale,4899000.0,6 bed,6 bath,4370 sqft,2018,2020-03-31,Vancouver,1121.0526315789473,"350 (Apr 16, 2019)",7273.75 sqft,4370 sqft,3 Storey,"$11,112 /yr",House/Single Family,72,2018,
108,mountain,https://www.zolo.ca/richmond-real-estate/5840-forsyth-crescent,"5840 Forsyth Crescent, Richmond, BC",Riverdale RI,4980000.0,5 bed,6 bath,4377 sqft,2017,2020-03-31,Richmond,1137.7655928718302,"84 (Jan 6, 2020)",10058 sqft,4377 sqft,2 Storey,"$11,038 /yr",House/Single Family,63,2017,
109,unobstructed water &amp; mtn,https://www.zolo.ca/richmond-real-estate/5131-brighouse-way/302,"302-5131 Brighouse Way, Richmond, BC",Brighouse,3888000.0,4 bed,5 bath,3380 sqft,2013,2020-03-31,Richmond,1150.2958579881654,"276 (Jun 28, 2019)",,3380 sqft,2 Storey,"$11,005 /yr",Apartment/Condo,55,2013,
110,mountain and city,https://www.zolo.ca/vancouver-real-estate/4729-haggart-street,"4729 Haggart Street, Vancouver, BC",Quilchena,5570000.0,5 bed,7 bath,4635 sqft,2013,2020-03-31,Vancouver,1201.7259978425027,"207 (Sep 6, 2019)",7525.02 sqft,4635 sqft,2 Storey w/Bsmt.,"$22,049 /yr",House/Single Family,55,2013,
111,city &amp; peak-a-boo water,https://www.zolo.ca/vancouver-real-estate/4568-west-w-8th-avenue/8th,"8TH-4568 W 8th Avenue W, Vancouver, BC",Point Grey,4788000.0,5 bed,6 bath,3962 sqft,2018,2020-03-31,Vancouver,1208.4805653710248,"20 (Mar 10, 2020)",5085.85 sqft,3962 sqft,"2 Storey w/Bsmt., Laneway House","$17,680 /yr",House/Single Family,62,2018,
112,mountains,https://www.zolo.ca/vancouver-real-estate/4649-west-15th-avenue,"4649 15th Avenue W, Vancouver, BC",Point Grey,4478000.0,7 bed,9 bath,3655 sqft,2020,2020-03-31,Vancouver,1225.1709986320109,"56 (Feb 4, 2020)",4097 sqft,3655 sqft,"2 Storey w/Bsmt., Laneway House","$7,855 /yr",House/Single Family,70,2020,
113,rooftop view of ocean and city,https://www.zolo.ca/vancouver-real-estate/4205-west-12th-avenue,"4205 12th Avenue W, Vancouver, BC",Point Grey,4388000.0,8 bed,8 bath,3536 sqft,2017,2020-03-31,Vancouver,1240.950226244344,"105 (Dec 16, 2019)",4026 sqft,3536 sqft,2 Storey w/Bsmt.,"$10,840 /yr",House/Single Family,55,2017,
114,mountain,https://www.zolo.ca/vancouver-real-estate/3528-west-27th-avenue,"3528 27th Avenue W, Vancouver, BC",Dunbar,5680000.0,6 bed,7 bath,4541 sqft,2018,2020-03-31,Vancouver,1250.8258092931073,"60 (Jan 30, 2020)",6501 sqft,4541 sqft,2 Storey w/Bsmt.,"$13,829 /yr",House/Single Family,81,2018,
115,city and mountain,https://www.zolo.ca/vancouver-real-estate/4028-west-11th-avenue,"4028 11th Avenue W, Vancouver, BC",Point Grey,4683000.0,5 bed,6 bath,3653 sqft,2015,2020-03-31,Vancouver,1281.9600328497127,"88 (Jan 3, 2020)",5490 sqft,3653 sqft,2 Storey w/Bsmt.,"$18,631 /yr",House/Single Family,58,2015,
116,city view,https://www.zolo.ca/vancouver-real-estate/7187-cypress-street,"7187 Cypress Street, Vancouver, BC",Kerrisdale,6880000.0,6 bed,8 bath,5354 sqft,2017,2020-03-31,Vancouver,1285.0205453866267,"118 (Dec 3, 2019)",8251 sqft,5354 sqft,3 Storey w/Bsmt,"$17,628 /yr",House/Single Family,49,2017,
117,park green space and mountain,https://www.zolo.ca/richmond-real-estate/7531-sunnybank-avenue,"7531 Sunnybank Avenue, Richmond, BC",Broadmoor,5990000.0,5 bed,6 bath,4620 sqft,2016,2020-03-31,Richmond,1296.5367965367966,"159 (Oct 23, 2019)",9028 sqft,4620 sqft,2 Storey,"$11,407 /yr",House/Single Family,43,2016,
118,mountain &amp; city view,https://www.zolo.ca/vancouver-real-estate/1857-west-35th-avenue,"1857 35th Avenue W, Vancouver, BC",Quilchena,6260000.0,6 bed,7 bath,4803 sqft,2012,2020-03-31,Vancouver,1303.3520716219032,"35 (Feb 24, 2020)",6960 sqft,4803 sqft,2 Storey w/Bsmt.,"$24,568 /yr",House/Single Family,65,2012,
119,water,https://www.zolo.ca/vancouver-real-estate/3893-west-34th-avenue,"3893 34th Avenue W, Vancouver, BC",Dunbar,6080000.0,5 bed,7 bath,4605 sqft,2013,2020-03-31,Vancouver,1320.3040173724212,"321 (May 14, 2019)",6513 sqft,4605 sqft,2 Storey w/Bsmt.,"$15,856 /yr",House/Single Family,64,2013,
120,"city, mountain view",https://www.zolo.ca/vancouver-real-estate/4626-west-12th-avenue,"4626 12th Avenue W, Vancouver, BC",Point Grey,6390000.0,7 bed,7 bath,4808 sqft,2019,2020-03-31,Vancouver,1329.0349417637274,"117 (Dec 4, 2019)",5729 sqft,4808 sqft,2 Storey w/Bsmt.,"$11,722 /yr",House/Single Family,81,2019,
121,grouse mountain,https://www.zolo.ca/vancouver-real-estate/4810-osler-street,"4810 Osler Street, Vancouver, BC",Shaughnessy,6990000.0,4 bed,6 bath,5174 sqft,2015,2020-03-31,Vancouver,1350.985697719366,"238 (Aug 6, 2019)",7772 sqft,5174 sqft,2 Storey w/Bsmt.,"$21,471 /yr",House/Single Family,62,2015,
122,"city, mountain &amp; ocean",https://www.zolo.ca/vancouver-real-estate/1460-mcrae-avenue,"1460 Mcrae Avenue, Vancouver, BC",Shaughnessy,6075000.0,3 bed,4 bath,4494 sqft,2012,2020-03-31,Vancouver,1351.8024032042724,"139 (Nov 12, 2019)",No Data,4494 sqft,"3 Storey, End Unit","$25,203 /yr",Townhouse,91,2012,
123,"sweeping mountains, downtown",https://www.zolo.ca/vancouver-real-estate/2588-edgar-crescent,"2588 Edgar Crescent, Vancouver, BC",Quilchena,6380000.0,4 bed,6 bath,4668 sqft,2012,2020-03-31,Vancouver,1366.75235646958,"56 (Feb 3, 2020)",6883.26 sqft,4668 sqft,2 Storey w/Bsmt.,"$23,027 /yr",House/Single Family,51,2012,
124,overlooks douglas park,https://www.zolo.ca/vancouver-real-estate/782-west-22nd-avenue,"782 22nd Avenue W, Vancouver, BC",Cambie,4980000.0,5 bed,6 bath,3600 sqft,2015,2020-03-31,Vancouver,1383.333333333333,"17 (Mar 13, 2020)",5246 sqft,3600 sqft,2 Storey w/Bsmt.,"$15,576 /yr",House/Single Family,77,2015,
125,--,https://www.zolo.ca/vancouver-real-estate/3635-west-20th-avenue,"3635 20th Avenue W, Vancouver, BC",Dunbar,4388000.0,5 bed,7 bath,3140 sqft,2019,2020-03-31,Vancouver,1397.4522292993631,"41 (Feb 19, 2020)",4026 sqft,3140 sqft,2 Storey w/Bsmt.,"$8,293 /yr",House/Single Family,78,2019,
126,mountain city,https://www.zolo.ca/vancouver-real-estate/2350-west-19th-avenue,"2350 19th Avenue W, Vancouver, BC",Arbutus,5878000.0,5 bed,7 bath,4206 sqft,2020,2020-03-31,Vancouver,1397.5273418925344,"88 (Jan 2, 2020)",6100 sqft,4206 sqft,2 Storey w/Bsmt.,"$13,798 /yr",House/Single Family,65,2020,
127,"mountain, city, water",https://www.zolo.ca/vancouver-real-estate/3875-west-14th-avenue,"3875 14th Avenue W, Vancouver, BC",Point Grey,5590000.0,6 bed,7 bath,3989 sqft,2018,2020-03-31,Vancouver,1401.3537227375284,"112 (Dec 9, 2019)",5755 sqft,3989 sqft,2 Storey w/Bsmt.,"$19,942 /yr",House/Single Family,74,2018,
128,mountain and city,https://www.zolo.ca/vancouver-real-estate/4629-haggart-street,"4629 Haggart Street, Vancouver, BC",Quilchena,6988000.0,6 bed,7 bath,4936 sqft,2018,2020-03-31,Vancouver,1415.7212317666126,"203 (Sep 10, 2019)",8443.39 sqft,4936 sqft,2 Storey w/Bsmt.,"$23,680 /yr",House/Single Family,63,2018,
129,"mountain, water, downtown",https://www.zolo.ca/vancouver-real-estate/3275-west-22nd-avenue,"3275 22nd Avenue W, Vancouver, BC",Dunbar,4888000.0,4 bed,6 bath,3443 sqft,2019,2020-03-31,Vancouver,1419.6921289573047,"47 (Feb 13, 2020)",5379 sqft,3443 sqft,2 Storey w/Bsmt.,"$12,565 /yr",House/Single Family,67,2019,
130,peek-a-boo mountain views,https://www.zolo.ca/vancouver-real-estate/4519-west-12th-avenue,"4519 12th Avenue W, Vancouver, BC",Point Grey,6880000.0,5 bed,8 bath,4780 sqft,2020,2020-03-31,Vancouver,1439.3305439330545,"108 (Dec 13, 2019)",6035 sqft,4780 sqft,"2 Storey w/Bsmt., Laneway House","$15,192 /yr",House/Single Family,59,2020,
131,"water, mountain and city",https://www.zolo.ca/vancouver-real-estate/3708-west-24th-avenue,"3708 24th Avenue W, Vancouver, BC",Dunbar,4691000.0,4 bed,5 bath,3189 sqft,2017,2020-03-31,Vancouver,1470.9940420194418,"29 (Mar 2, 2020)",4539.41 sqft,3189 sqft,2 Storey w/Bsmt.,"$10,952 /yr",House/Single Family,70,2017,
132,city &amp; mountain,https://www.zolo.ca/vancouver-real-estate/3011-west-27th-avenue,"3011 27th Avenue W, Vancouver, BC",MacKenzie Heights,5880000.0,5 bed,5 bath,3945 sqft,2016,2020-03-31,Vancouver,1490.4942965779467,"147 (Nov 4, 2019)",6472 sqft,3945 sqft,2 Storey w/Bsmt.,"$18,870 /yr",House/Single Family,50,2016,
133,amazing city and mountain view,https://www.zolo.ca/vancouver-real-estate/4775-blenheim-street,"4775 Blenheim Street, Vancouver, BC",Dunbar,5580000.0,4 bed,5 bath,3708 sqft,2019,2020-03-31,Vancouver,1504.8543689320388,"69 (Jan 22, 2020)",5311 sqft,3708 sqft,2 Storey w/Bsmt.,"$7,732 /yr",House/Single Family,61,2019,
134,mountains,https://www.zolo.ca/vancouver-real-estate/3455-west-28th-avenue,"3455 28th Avenue W, Vancouver, BC",Dunbar,4588000.0,4 bed,5 bath,3041 sqft,2018,2020-03-31,Vancouver,1508.7142387372573,"81 (Jan 10, 2020)",4290 sqft,3041 sqft,2 Storey w/Bsmt.,"$8,365 /yr",House/Single Family,70,2018,
135,"city, mountain",https://www.zolo.ca/vancouver-real-estate/4025-west-38th-avenue,"4025 38th Avenue W, Vancouver, BC",Dunbar,6380000.0,6 bed,6 bath,4128 sqft,2020,2020-03-31,Vancouver,1545.5426356589148,"81 (Jan 9, 2020)",6900 sqft,4128 sqft,3 Storey,"$12,510 /yr",House/Single Family,44,2020,
136,mountain,https://www.zolo.ca/vancouver-real-estate/2399-west-35th-avenue,"2399 35th Avenue W, Vancouver, BC",Quilchena,7280000.0,6 bed,7 bath,4673 sqft,2019,2020-03-31,Vancouver,1557.8857265140164,"74 (Jan 16, 2020)",7800 sqft,4673 sqft,2 Storey w/Bsmt.,"$12,694 /yr",House/Single Family,75,2019,
137,city &amp; mountain,https://www.zolo.ca/vancouver-real-estate/3883-west-21st-avenue,"3883 21st Avenue W, Vancouver, BC",Dunbar,7388000.0,6 bed,7 bath,4639 sqft,2017,2020-03-31,Vancouver,1592.5846087518862,"175 (Oct 7, 2019)",6716.05 sqft,4639 sqft,2 Storey w/Bsmt.,"$18,589 /yr",House/Single Family,62,2017,
138,"mountains, city &amp; water",https://www.zolo.ca/vancouver-real-estate/3863-west-20th-avenue,"3863 20th Avenue W, Vancouver, BC",Dunbar,5980000.0,4 bed,5 bath,3585 sqft,2020,2020-03-31,Vancouver,1668.0613668061367,"28 (Mar 3, 2020)",5124 sqft,3585 sqft,2 Storey w/Bsmt.,"$8,946 /yr",House/Single Family,67,2020,
139,mountain,https://www.zolo.ca/vancouver-real-estate/4261-west-13th-avenue,"4261 13th Avenue W, Vancouver, BC",Point Grey,7688000.0,5 bed,7 bath,4337 sqft,2017,2020-03-31,Vancouver,1772.6539082314966,"24 (Mar 6, 2020)",6710 sqft,4337 sqft,2 Storey w/Bsmt.,"$22,448 /yr",House/Single Family,57,2017,
140,false creek &amp; downtown,https://www.zolo.ca/vancouver-real-estate/499-pacific-street/1701,"1701-499 Pacific Street, Vancouver, BC",Yaletown,6990000.0,3 bed,1 bath,3294 sqft,2018,2020-03-31,Vancouver,2122.0400728597447,"19 (Mar 12, 2020)",,3294 sqft,Split Entry,"$27,827 /yr",Apartment/Condo,92,2018,
